,City,Lat,Lng,Max Temp,Humidity,Cloudiness,Wind Speed,Country,Date
0,aswan,24.09,32.91,91.74,18.0,0.0,11.97,EG,1595714855.0
1,puerto ayora,-0.74,-90.35,68.0,94.0,86.0,5.01,EC,1595714855.0
2,rikitea,-23.12,-134.97,70.07,80.0,18.0,22.62,PF,1595714855.0
3,petropavlovsk-kamchatskiy,53.05,158.65,59.0,82.0,100.0,6.71,RU,1595714856.0
4,bambous virieux,-20.34,57.76,69.01,56.0,75.0,14.99,MU,1595714856.0
5,timra,62.49,17.33,55.0,100.0,82.0,2.24,SE,1595714856.0
6,cape town,-33.93,18.42,61.0,82.0,75.0,5.82,ZA,1595714856.0
7,kapit,2.02,112.93,73.04,95.0,100.0,0.43,MY,1595714856.0
8,georgetown,5.41,100.34,77.0,100.0,20.0,5.82,MY,1595714856.0
9,savelugu,9.62,-0.83,76.53,86.0,78.0,6.04,GH,1595714857.0
10,lompoc,34.64,-120.46,71.01,64.0,7.0,13.87,US,1595714857.0
11,port alfred,-33.59,26.89,68.22,35.0,0.0,15.48,ZA,1595714857.0
12,mitsamiouli,-11.38,43.28,77.0,62.0,44.0,11.01,KM,1595714857.0
13,honiara,-9.43,159.95,75.2,94.0,90.0,6.93,SB,1595714455.0
14,kapaa,22.08,-159.32,84.0,94.0,90.0,11.41,US,1595714681.0
15,manokwari,-0.87,134.08,79.59,76.0,100.0,4.27,ID,1595714858.0
16,hermanus,-34.42,19.23,59.0,88.0,35.0,7.0,ZA,1595714858.0
17,tessalit,20.2,1.01,86.27,45.0,96.0,2.33,ML,1595714858.0
18,verkhnevilyuysk,63.45,120.32,60.3,70.0,0.0,10.98,RU,1595714858.0
19,pevek,69.7,170.31,45.66,94.0,35.0,4.03,RU,1595714859.0
20,sioux lookout,50.1,-91.92,82.4,69.0,40.0,8.05,CA,1595714859.0
21,tiksi,71.69,128.87,39.58,96.0,100.0,19.71,RU,1595714859.0
22,mar del plata,-38.0,-57.56,48.99,75.0,81.0,9.17,AR,1595714642.0
23,padang,-0.95,100.35,76.69,79.0,98.0,4.27,ID,1595714859.0
24,okha,53.57,142.95,54.39,73.0,0.0,5.99,RU,1595714860.0
25,busselton,-33.65,115.33,46.99,85.0,2.0,6.51,AU,1595714806.0
26,east london,-33.02,27.91,71.26,29.0,0.0,11.3,ZA,1595714860.0
27,mataura,-46.19,168.86,44.85,89.0,100.0,3.44,NZ,1595714860.0
28,hobart,-42.88,147.33,39.2,80.0,1.0,4.7,AU,1595714739.0
29,narsaq,60.92,-46.05,48.2,87.0,100.0,8.05,GL,1595714860.0
30,atuona,-9.8,-139.03,79.3,78.0,1.0,18.79,PF,1595714861.0
31,yellowknife,62.46,-114.35,69.8,43.0,40.0,9.17,CA,1595714861.0
32,olafsvik,64.89,-23.71,48.22,76.0,97.0,29.93,IS,1595714861.0
33,klaksvik,62.23,-6.59,53.6,81.0,100.0,26.4,FO,1595714861.0
34,upernavik,72.79,-56.15,44.62,91.0,100.0,19.13,GL,1595714861.0
35,tura,25.52,90.22,75.58,87.0,100.0,2.93,IN,1595714862.0
36,vaini,-21.2,-175.2,73.4,78.0,75.0,9.17,TO,1595714862.0
37,huntington,38.42,-82.45,96.01,41.0,20.0,5.82,US,1595714862.0
38,alihe,50.57,123.72,68.56,84.0,4.0,0.94,CN,1595714862.0
39,clyde river,70.47,-68.59,55.4,62.0,1.0,18.34,CA,1595714862.0
40,aykhal,66.0,111.5,44.6,100.0,90.0,11.18,RU,1595714862.0
41,qaanaaq,77.48,-69.36,45.93,56.0,0.0,2.44,GL,1595714863.0
42,cockburn town,21.46,-71.14,86.0,74.0,40.0,17.22,TC,1595714863.0
43,amahai,-3.33,128.92,76.82,85.0,96.0,6.26,ID,1595714863.0
44,viedma,-40.81,-63.0,53.01,51.0,100.0,15.99,AR,1595714595.0
45,thompson,55.74,-97.86,80.6,44.0,40.0,5.82,CA,1595714635.0
46,arraial do cabo,-22.97,-42.03,75.2,69.0,0.0,11.41,BR,1595714747.0
47,billings,45.78,-108.5,86.0,23.0,20.0,11.41,US,1595714864.0
48,puerto baquerizo moreno,-0.9,-89.6,71.6,78.0,75.0,17.22,EC,1595714864.0
49,abu samrah,35.3,37.18,71.89,61.0,0.0,7.07,SY,1595714864.0
50,bredasdorp,-34.53,20.04,60.8,72.0,2.0,10.29,ZA,1595714864.0
51,butaritari,3.07,172.79,83.28,75.0,38.0,14.9,KI,1595714864.0
52,khatanga,71.97,102.5,40.84,77.0,100.0,12.82,RU,1595714864.0
53,yuli,9.7,10.27,74.53,91.0,79.0,4.14,NG,1595714865.0
54,sorland,67.67,12.69,53.51,90.0,89.0,13.0,NO,1595714865.0
55,dikson,73.51,80.55,39.29,91.0,3.0,15.21,RU,1595714865.0
56,groningen,53.25,6.75,64.99,93.0,75.0,6.93,NL,1595714849.0
57,baruun-urt,46.68,113.28,63.86,88.0,100.0,8.72,MN,1595714866.0
58,vila velha,-20.33,-40.29,77.0,83.0,20.0,6.93,BR,1595714866.0
59,barrow,71.29,-156.79,37.4,86.0,75.0,4.7,US,1595714657.0
60,hasaki,35.73,140.83,77.0,94.0,75.0,3.36,JP,1595714866.0
61,ushuaia,-54.8,-68.3,30.2,92.0,40.0,13.87,AR,1595714840.0
62,katsuura,35.13,140.3,77.0,95.0,100.0,4.0,JP,1595714867.0
63,lebu,-37.62,-73.65,51.28,91.0,100.0,21.79,CL,1595714867.0
64,rujiena,57.9,25.33,49.46,94.0,40.0,3.09,LV,1595714867.0
65,comodoro rivadavia,-45.87,-67.5,46.4,70.0,40.0,13.87,AR,1595714579.0
66,chokurdakh,70.63,147.92,78.33,39.0,96.0,7.87,RU,1595714867.0
67,san cristobal,7.77,-72.22,87.8,55.0,40.0,9.17,VE,1595714645.0
68,werneck,49.98,10.1,64.99,72.0,100.0,6.93,DE,1595714867.0
69,cherskiy,68.75,161.3,80.71,43.0,0.0,10.38,RU,1595714868.0
70,sao filipe,14.9,-24.5,79.02,85.0,75.0,5.55,CV,1595714868.0
71,oytal,42.91,73.27,74.25,39.0,0.0,1.86,KZ,1595714868.0
72,severo-kurilsk,50.68,156.12,52.27,81.0,100.0,11.39,RU,1595714868.0
73,kavieng,-2.57,150.8,82.65,79.0,99.0,14.54,PG,1595714868.0
74,ponta do sol,32.67,-17.1,69.01,70.0,1.0,6.2,PT,1595714869.0
75,guerrero negro,27.98,-114.06,76.28,55.0,2.0,18.05,MX,1595714869.0
76,bluff,-46.6,168.33,50.38,81.0,100.0,19.51,NZ,1595714869.0
77,sorong,-0.88,131.25,77.72,90.0,100.0,9.95,ID,1595714707.0
78,saldanha,-33.01,17.94,55.4,82.0,14.0,1.12,ZA,1595714869.0
79,grand gaube,-20.01,57.66,69.01,60.0,77.0,8.99,MU,1595714870.0
80,sur,22.57,59.53,87.98,59.0,90.0,9.6,OM,1595714870.0
81,avarua,-21.21,-159.78,73.4,69.0,94.0,8.05,CK,1595714870.0
82,ribeira grande,38.52,-28.7,71.94,87.0,13.0,11.3,PT,1595714870.0
83,broken hill,-31.95,141.43,41.0,93.0,0.0,5.82,AU,1595714871.0
84,along,28.17,94.77,73.63,89.0,96.0,1.16,IN,1595714871.0
85,amga,60.9,131.96,66.18,93.0,100.0,2.39,RU,1595714871.0
86,awbari,26.59,12.78,82.38,19.0,0.0,6.62,LY,1595714871.0
87,victoria,22.29,114.16,84.99,83.0,100.0,11.01,HK,1595714855.0
88,northam,51.03,-4.22,60.01,92.0,79.0,8.99,GB,1595714872.0
89,buala,-8.14,159.59,82.67,78.0,90.0,10.71,SB,1595714872.0
90,poya,-21.35,165.15,74.23,68.0,1.0,5.91,NC,1595714872.0
91,mirnyy,62.54,113.96,51.8,100.0,20.0,11.18,RU,1595714872.0
92,mecca,21.43,39.83,93.79,31.0,89.0,5.75,SA,1595714872.0
93,pacific grove,36.62,-121.92,73.0,64.0,1.0,12.75,US,1595714802.0
94,salalah,17.02,54.09,78.8,88.0,75.0,8.05,OM,1595714873.0
95,nikolskoye,59.7,30.79,59.0,87.0,40.0,2.82,RU,1595714873.0
96,ascension,30.22,-90.9,82.4,74.0,85.0,8.05,US,1595714873.0
97,markivka,49.52,39.57,62.42,67.0,0.0,8.93,UA,1595714873.0
98,mayna,54.11,47.62,52.57,93.0,1.0,5.06,RU,1595714874.0
99,havoysund,71.0,24.66,64.4,52.0,3.0,25.28,NO,1595714874.0
100,punta arenas,-53.15,-70.92,30.2,68.0,25.0,10.29,CL,1595714874.0
101,makakilo city,21.35,-158.09,87.8,48.0,40.0,6.93,US,1595714841.0
102,jamestown,42.1,-79.24,79.0,69.0,20.0,9.17,US,1595714664.0
103,hilo,19.73,-155.09,84.2,66.0,75.0,10.29,US,1595714875.0
104,namibe,-15.2,12.15,69.6,78.0,95.0,5.95,AO,1595714875.0
105,tyukalinsk,55.87,72.2,52.72,93.0,0.0,5.46,RU,1595714875.0
106,hambantota,6.12,81.12,77.0,100.0,40.0,3.36,LK,1595714875.0
107,naze,28.37,129.48,82.4,88.0,75.0,9.17,JP,1595714876.0
108,santa ana,33.75,-117.87,86.0,60.0,20.0,10.29,US,1595714876.0
109,dunedin,-45.87,170.5,46.38,72.0,69.0,7.23,NZ,1595714876.0
110,albany,42.6,-73.97,90.0,39.0,100.0,3.94,US,1595714721.0
111,grindavik,63.84,-22.43,48.2,81.0,75.0,23.04,IS,1595714876.0
112,kundiawa,-6.02,144.97,64.56,76.0,86.0,1.21,PG,1595714877.0
113,pangnirtung,66.15,-65.71,54.82,64.0,59.0,4.59,CA,1595714877.0
114,yaring,6.87,101.37,78.21,84.0,89.0,3.94,TH,1595714877.0
115,kinkala,-4.36,14.76,73.4,78.0,20.0,5.82,CG,1595714877.0
116,ostersund,63.18,14.64,51.8,76.0,83.0,5.82,SE,1595714645.0
117,khani,41.96,42.96,73.4,94.0,96.0,14.99,GE,1595714877.0
118,nanortalik,60.14,-45.24,44.58,83.0,100.0,4.56,GL,1595714878.0
119,satana,20.58,74.2,75.04,86.0,80.0,3.29,IN,1595714878.0
120,hithadhoo,-0.6,73.08,81.66,73.0,100.0,6.98,MV,1595714878.0
121,beringovskiy,63.05,179.32,62.55,60.0,72.0,5.61,RU,1595714878.0
122,vao,-22.67,167.48,70.77,82.0,15.0,21.94,NC,1595714879.0
123,visby,57.64,18.3,57.2,82.0,61.0,8.05,SE,1595714879.0
124,ukiah,39.15,-123.21,96.8,23.0,1.0,12.75,US,1595714238.0
125,adre,13.47,22.2,75.52,67.0,56.0,17.98,TD,1595714879.0
126,kaeo,-35.1,173.78,51.01,3.0,16.0,3.94,NZ,1595714879.0
127,manyana,-23.4,21.72,48.97,50.0,0.0,6.44,BW,1595714879.0
128,leningradskiy,69.38,178.42,48.58,79.0,88.0,12.44,RU,1595714880.0
129,saint george,37.1,-113.58,98.01,19.0,1.0,8.05,US,1595714880.0
130,ust-kishert,57.37,57.25,57.67,84.0,94.0,4.85,RU,1595714880.0
131,pyshma,56.95,63.25,53.37,89.0,54.0,3.6,RU,1595714880.0
132,longyearbyen,78.22,15.64,68.0,60.0,41.0,13.87,SJ,1595714664.0
133,erenhot,43.65,111.98,67.64,74.0,82.0,12.5,CN,1595714881.0
134,douentza,15.0,-2.95,90.68,43.0,27.0,2.66,ML,1595714881.0
135,faya,18.39,42.45,71.6,88.0,70.0,4.09,SA,1595714881.0
136,nishihara,26.18,127.76,82.4,88.0,90.0,5.82,JP,1595714881.0
137,gat,31.61,34.76,81.0,62.0,0.0,3.13,IL,1595714628.0
138,sabzevar,36.21,57.68,79.34,36.0,0.0,6.24,IR,1595714881.0
139,maracas,-13.44,-40.43,60.8,97.0,48.0,6.11,BR,1595714881.0
140,isilkul,54.91,71.27,53.37,93.0,1.0,7.2,RU,1595714882.0
141,andenes,69.31,16.12,55.4,76.0,55.0,8.05,NO,1595714882.0
142,kushima,31.46,131.23,73.4,83.0,75.0,3.36,JP,1595714882.0
143,port elizabeth,-33.92,25.57,66.2,52.0,0.0,19.46,ZA,1595714882.0
144,deputatskiy,69.3,139.9,76.69,31.0,8.0,15.01,RU,1595714882.0
145,kaitangata,-46.28,169.85,50.0,64.0,92.0,4.0,NZ,1595714882.0
146,renfrew,55.87,-4.39,60.01,87.0,95.0,2.24,GB,1595714883.0
147,hay river,60.82,-115.8,69.8,43.0,40.0,6.93,CA,1595714883.0
148,gokak,16.17,74.83,72.25,89.0,79.0,8.93,IN,1595714883.0
149,inuvik,68.35,-133.72,60.8,67.0,75.0,9.17,CA,1595714883.0
150,asfi,32.3,-9.24,70.72,91.0,0.0,10.38,MA,1595714883.0
151,ilhabela,-23.78,-45.36,73.54,59.0,0.0,4.14,BR,1595714884.0
152,grand forks,47.93,-97.03,89.6,55.0,20.0,8.05,US,1595714610.0
153,batemans bay,-35.72,150.18,55.99,98.0,100.0,3.0,AU,1595714622.0
154,comarapa,-17.9,-64.48,53.4,82.0,100.0,2.77,BO,1595714884.0
155,chunskiy,56.08,99.63,58.6,72.0,97.0,2.91,RU,1595714884.0
156,acaponeta,22.5,-105.36,92.55,51.0,76.0,8.05,MX,1595714884.0
157,airai,-8.93,125.41,53.19,95.0,90.0,4.16,TL,1595714885.0
158,piotrkow trybunalski,51.41,19.7,59.0,80.0,0.0,55.99,PL,1595714781.0
159,nome,64.5,-165.41,59.0,76.0,75.0,8.05,US,1595714885.0
160,saint-denis,48.92,2.33,69.8,73.0,100.0,12.75,FR,1595714885.0
161,dallas,32.77,-96.78,91.99,46.0,75.0,10.29,US,1595714714.0
162,tasiilaq,65.61,-37.64,46.4,75.0,75.0,9.17,GL,1595714885.0
163,deniliquin,-35.53,144.97,41.0,92.0,50.0,4.99,AU,1595714886.0
164,cabo san lucas,22.89,-109.91,86.0,70.0,20.0,11.41,MX,1595714761.0
165,zhangye,38.93,100.45,63.75,29.0,0.0,1.57,CN,1595714602.0
166,winchester,51.07,-1.32,57.99,93.0,31.0,4.7,GB,1595714848.0
167,cidreira,-30.18,-50.21,52.79,67.0,19.0,13.06,BR,1595714886.0
168,iskateley,67.68,53.15,59.14,75.0,28.0,6.96,RU,1595714886.0
169,castro,-24.79,-50.01,58.53,83.0,97.0,2.01,BR,1595714886.0
170,new norfolk,-42.78,147.06,37.99,92.0,5.0,2.53,AU,1595714887.0
171,cam ranh,11.92,109.16,82.4,94.0,20.0,2.24,VN,1595714887.0
172,lisakovsk,52.54,62.49,61.93,77.0,100.0,9.28,KZ,1595714887.0
173,kalmunai,7.42,81.82,80.62,76.0,91.0,4.38,LK,1595714887.0
174,brae,60.4,-1.35,53.6,100.0,100.0,8.05,GB,1595714621.0
175,khorixas,-20.37,14.97,60.06,33.0,0.0,6.93,NA,1595714887.0
176,san patricio,19.22,-104.7,89.6,75.0,20.0,11.41,MX,1595714888.0
177,muros,42.78,-9.06,66.99,89.0,43.0,3.0,ES,1595714888.0
178,lumphat,13.49,106.98,73.54,97.0,93.0,1.41,KH,1595714888.0
179,irara,-12.05,-38.77,65.61,87.0,1.0,7.18,BR,1595714888.0
180,bethel,41.37,-73.41,86.0,54.0,1.0,8.05,US,1595714889.0
181,sitka,57.05,-135.33,57.2,87.0,90.0,6.93,US,1595714889.0
182,tuktoyaktuk,69.45,-133.04,50.0,87.0,90.0,9.17,CA,1595714890.0
183,ilulissat,69.22,-51.1,48.2,87.0,75.0,10.29,GL,1595714890.0
184,puqi,29.72,113.88,76.33,96.0,61.0,0.54,CN,1595714890.0
185,sabha,27.04,14.43,83.34,21.0,0.0,11.5,LY,1595714725.0
186,paldiski,59.36,24.05,55.99,93.0,37.0,7.23,EE,1595714890.0
187,margate,51.38,1.39,62.01,98.0,97.0,4.0,GB,1595714891.0
188,constitucion,-35.33,-72.42,49.08,75.0,79.0,3.31,CL,1595714615.0
189,jiuquan,39.74,98.52,69.57,23.0,0.0,6.73,CN,1595714891.0
190,vestmannaeyjar,63.44,-20.27,52.27,68.0,89.0,1.61,IS,1595714891.0
191,ulefoss,59.28,9.26,57.0,1.0,97.0,2.73,NO,1595714892.0
192,ballina,-28.87,153.57,60.8,93.0,90.0,10.29,AU,1595714892.0
193,illapel,-31.63,-71.17,56.89,41.0,55.0,2.1,CL,1595714892.0
194,dingle,11.0,122.67,76.98,88.0,68.0,0.83,PH,1595714892.0
195,mustasaari,63.11,21.68,54.0,93.0,22.0,3.36,FI,1595714893.0
196,saskylakh,71.92,114.08,38.77,79.0,100.0,25.12,RU,1595714893.0
197,santa fe,-31.63,-60.7,57.99,38.0,52.0,1.99,AR,1595714769.0
198,ust-maya,60.42,134.53,64.99,49.0,24.0,9.75,RU,1595714893.0
199,derzhavinsk,51.1,66.32,61.2,86.0,5.0,5.41,KZ,1595714893.0
200,eureka,40.8,-124.16,73.0,68.0,1.0,8.05,US,1595714831.0
201,lorengau,-2.02,147.27,84.22,77.0,100.0,11.41,PG,1595714894.0
202,itapirapua,-15.82,-50.61,77.16,32.0,0.0,4.65,BR,1595714894.0
203,noumea,-22.28,166.46,73.99,78.0,16.0,4.7,NC,1595714894.0
204,port augusta,-32.5,137.77,50.0,100.0,90.0,3.36,AU,1595714894.0
205,bambanglipuro,-7.95,110.28,72.18,83.0,100.0,8.14,ID,1595714894.0
206,poum,-20.23,164.02,74.1,77.0,0.0,17.81,NC,1595714895.0
207,emirdag,39.02,31.15,69.87,34.0,0.0,3.29,TR,1595714895.0
208,omboue,-1.57,9.26,73.0,79.0,13.0,5.86,GA,1595714895.0
209,basoko,1.24,23.62,72.64,91.0,100.0,4.47,CD,1595714895.0
210,kuytun,54.34,101.5,57.27,86.0,100.0,4.99,RU,1595714896.0
211,kodiak,57.79,-152.41,57.2,71.0,90.0,5.82,US,1595714896.0
212,atikokan,48.76,-91.62,81.72,74.0,63.0,6.98,CA,1595714896.0
213,qaqortoq,60.72,-46.03,48.2,87.0,100.0,8.05,GL,1595714896.0
214,komsomolskiy,40.43,71.72,80.6,44.0,40.0,4.7,UZ,1595714896.0
215,sept-iles,50.2,-66.38,68.0,88.0,90.0,2.24,CA,1595714896.0
216,north bend,43.41,-124.22,78.01,67.0,1.0,24.16,US,1595714707.0
217,norman wells,65.28,-126.83,75.2,41.0,75.0,9.17,CA,1595714897.0
218,kununurra,-15.77,128.73,55.4,37.0,0.0,2.24,AU,1595714897.0
219,yarmouth,41.71,-70.23,87.8,45.0,1.0,13.87,US,1595714858.0
220,fortuna,40.6,-124.16,73.0,68.0,20.0,14.99,US,1595714897.0
221,araouane,18.9,-3.53,98.22,29.0,45.0,9.01,ML,1595714898.0
222,souillac,-20.52,57.52,68.0,56.0,75.0,14.99,MU,1595714898.0
223,caravelas,-17.71,-39.25,71.38,86.0,7.0,4.88,BR,1595714898.0
224,ertil,51.84,40.81,57.31,70.0,0.0,5.97,RU,1595714898.0
225,roebourne,-20.78,117.13,64.18,37.0,94.0,16.8,AU,1595714899.0
226,provideniya,64.38,-173.3,53.06,64.0,80.0,9.62,RU,1595714899.0
227,loei,17.42,101.5,66.58,100.0,100.0,2.17,TH,1595714899.0
228,bang sai,14.21,100.5,86.0,94.0,40.0,2.24,TH,1595714899.0
229,mahibadhoo,3.78,72.97,82.45,72.0,100.0,8.21,MV,1595714900.0
230,lazaro cardenas,17.96,-102.2,85.98,66.0,45.0,8.63,MX,1595714900.0
231,erzin,36.96,36.2,80.01,88.0,0.0,1.72,TR,1595714900.0
232,dryden,49.78,-92.75,82.4,65.0,75.0,8.05,CA,1595714900.0
233,shalya,57.25,58.73,56.73,79.0,94.0,4.16,RU,1595714901.0
234,kokopo,-4.35,152.26,82.42,72.0,24.0,9.17,PG,1595714901.0
235,torbay,47.67,-52.73,68.0,77.0,75.0,14.99,CA,1595714901.0
236,ulan-ude,51.83,107.61,60.8,82.0,100.0,4.47,RU,1595714901.0
237,ubinskoye,55.31,79.68,56.86,93.0,100.0,1.92,RU,1595714901.0
238,shetpe,44.17,52.12,78.1,34.0,44.0,16.87,KZ,1595714901.0
239,nyaunglebin,17.95,96.73,78.98,87.0,99.0,3.83,MM,1595714902.0
240,hofn,64.25,-15.21,50.5,82.0,100.0,13.51,IS,1595714902.0
241,wembley,-31.93,115.8,60.01,100.0,75.0,5.82,AU,1595714814.0
242,marawi,8.0,124.29,75.99,90.0,100.0,5.99,PH,1595714902.0
243,mandalgovi,45.76,106.27,59.76,80.0,30.0,19.66,MN,1595714902.0
244,upata,8.01,-62.4,86.0,69.0,20.0,5.01,VE,1595714903.0
245,cookeville,36.16,-85.5,87.8,58.0,1.0,4.7,US,1595714682.0
246,vardo,70.37,31.11,56.19,80.0,0.0,9.51,NO,1595714903.0
247,kahului,20.89,-156.47,89.6,52.0,40.0,21.92,US,1595714617.0
248,fukue,32.69,128.84,76.84,84.0,7.0,7.96,JP,1595714903.0
249,ratnagiri,16.98,73.3,79.2,85.0,99.0,13.76,IN,1595714903.0
250,alcudia,39.85,3.12,78.8,65.0,0.0,2.24,ES,1595714904.0
251,naryan-mar,67.67,53.09,59.16,75.0,30.0,7.05,RU,1595714904.0
252,los llanos de aridane,28.66,-17.92,71.6,78.0,4.0,16.11,ES,1595714904.0
253,mahebourg,-20.41,57.7,68.0,56.0,75.0,14.99,MU,1595714904.0
254,guisa,20.25,-76.54,89.6,55.0,75.0,9.17,CU,1595714904.0
255,russell,32.35,-85.2,95.0,44.0,20.0,8.05,US,1595714904.0
256,santa maria del oro,25.93,-105.37,82.6,41.0,55.0,11.72,MX,1595714905.0
257,teguldet,57.31,88.17,52.38,96.0,60.0,3.49,RU,1595714905.0
258,tuatapere,-46.13,167.68,46.74,85.0,100.0,4.59,NZ,1595714905.0
259,richards bay,-28.78,32.04,64.96,71.0,0.0,16.37,ZA,1595714905.0
260,monticello,45.31,-93.79,86.0,70.0,75.0,11.52,US,1595714691.0
261,arman,59.7,150.17,56.39,80.0,100.0,2.91,RU,1595714905.0
262,levelland,33.59,-102.38,93.2,34.0,40.0,10.29,US,1595714906.0
263,boshnyakovo,49.63,142.17,58.35,79.0,41.0,2.75,RU,1595714906.0
264,priargunsk,50.37,119.1,68.54,80.0,89.0,2.86,RU,1595714906.0
265,tairua,-37.02,175.85,50.0,94.0,43.0,8.01,NZ,1595714906.0
266,ugoofaaru,5.67,73.0,81.54,73.0,100.0,11.32,MV,1595714906.0
267,conde,-7.26,-34.91,75.2,83.0,40.0,10.29,BR,1595714645.0
268,carnarvon,-24.87,113.63,55.4,82.0,0.0,9.17,AU,1595714907.0
269,verkhoyansk,67.54,133.38,66.11,85.0,100.0,12.73,RU,1595714907.0
270,mount gambier,-37.83,140.77,32.0,92.0,90.0,2.77,AU,1595714907.0
271,nobres,-14.72,-56.33,76.37,35.0,0.0,6.62,BR,1595714907.0
272,mayumba,-3.43,10.66,71.69,81.0,30.0,3.94,GA,1595714908.0
273,epanomi,40.43,22.93,75.99,88.0,20.0,3.36,GR,1595714908.0
274,okhotsk,59.38,143.3,60.08,70.0,0.0,10.87,RU,1595714908.0
275,domoni,-12.26,44.53,75.31,69.0,22.0,19.13,KM,1595714909.0
276,rognan,67.1,15.39,54.0,91.0,46.0,3.44,NO,1595714909.0
277,terra nova,-12.37,-40.67,66.72,75.0,24.0,6.02,BR,1595714909.0
278,saint-philippe,-21.36,55.77,68.0,60.0,90.0,16.11,RE,1595714909.0
279,lata,40.16,-8.33,68.0,97.0,0.0,5.99,PT,1595714909.0
280,vernon,50.26,-119.27,75.2,36.0,1.0,17.22,CA,1595714650.0
281,canon city,38.44,-105.24,81.0,47.0,90.0,13.87,US,1595714682.0
282,yegorlykskaya,46.57,40.66,73.22,34.0,30.0,12.77,RU,1595714910.0
283,launceston,-41.45,147.17,30.2,100.0,7.0,8.05,AU,1595714910.0
284,colac,-38.33,143.58,45.0,98.0,1.0,3.15,AU,1595714910.0
285,sao felix do xingu,-6.64,-51.99,79.59,41.0,0.0,2.55,BR,1595714675.0
286,ankang,32.68,109.02,72.41,90.0,100.0,2.19,CN,1595714676.0
287,laguna,38.42,-121.42,95.0,16.0,5.0,7.94,US,1595714794.0
288,toamasina,-18.17,49.38,69.8,83.0,40.0,16.11,MG,1595714911.0
289,hami,42.8,93.45,81.75,28.0,1.0,11.1,CN,1595714911.0
290,jaguariaiva,-24.25,-49.71,68.0,86.0,99.0,1.88,BR,1595714911.0
291,byron bay,-28.65,153.62,60.8,93.0,90.0,10.29,AU,1595714910.0
292,thessalon,46.25,-83.57,82.4,58.0,1.0,5.82,CA,1595714912.0
293,iqaluit,63.75,-68.51,48.2,81.0,75.0,2.24,CA,1595714912.0
294,monterey,36.25,-121.25,93.0,18.0,0.0,8.99,US,1595714710.0
295,tazovskiy,67.47,78.7,50.38,83.0,92.0,11.52,RU,1595714912.0
296,kadoshkino,54.03,44.42,52.38,85.0,0.0,2.48,RU,1595714685.0
297,quelimane,-17.88,36.89,66.2,82.0,20.0,3.36,MZ,1595714913.0
298,yulara,-25.24,130.99,37.4,86.0,0.0,5.82,AU,1595714913.0
299,talnakh,69.49,88.4,46.4,87.0,0.0,22.37,RU,1595714913.0
300,kaka,37.35,59.61,83.1,20.0,16.0,4.97,TM,1595714913.0
301,inirida,3.87,-67.92,80.47,87.0,68.0,1.34,CO,1595714914.0
302,zaraza,9.35,-65.32,77.29,93.0,94.0,5.7,VE,1595714914.0
303,churapcha,62.0,132.43,67.33,88.0,100.0,3.0,RU,1595714915.0
304,lumut,4.23,100.63,77.0,94.0,20.0,2.24,MY,1595714915.0
305,chuy,-33.7,-53.46,45.36,75.0,0.0,8.41,UY,1595714915.0
306,rajbiraj,26.53,86.75,81.19,78.0,94.0,2.84,NP,1595714915.0
307,belen,36.49,36.22,80.6,78.0,0.0,11.41,TR,1595714916.0
308,srednekolymsk,67.45,153.68,84.7,29.0,2.0,7.4,RU,1595714916.0
309,ndola,-12.96,28.64,50.76,78.0,3.0,6.46,ZM,1595714916.0
310,pocone,-16.26,-56.62,74.37,39.0,0.0,5.99,BR,1595714916.0
311,saurimo,-9.66,20.39,63.25,33.0,0.0,5.82,AO,1595714916.0
312,pochutla,15.74,-96.47,90.0,66.0,75.0,8.05,MX,1595714917.0
313,darnah,32.77,22.64,77.04,74.0,0.0,14.63,LY,1595714917.0
314,ushtobe,45.25,77.98,74.52,28.0,2.0,7.81,KZ,1595714917.0
315,ancud,-41.87,-73.82,51.01,87.0,75.0,6.93,CL,1595714794.0
316,xinqing,48.23,129.5,68.97,94.0,65.0,2.64,CN,1595714917.0
317,sao domingos do maranhao,-5.58,-44.39,78.57,50.0,57.0,2.89,BR,1595714918.0
318,saint-augustin,51.23,-58.65,63.68,91.0,76.0,4.63,CA,1595714918.0
319,malpe,13.35,74.72,77.0,88.0,75.0,3.36,IN,1595714918.0
320,belfast,54.58,-5.93,54.0,93.0,100.0,6.93,GB,1595714862.0
321,kavarna,43.43,28.33,68.0,72.0,55.0,2.24,BG,1595714918.0
322,tuy hoa,13.08,109.3,76.93,88.0,9.0,4.36,VN,1595714919.0
323,imbituba,-28.24,-48.67,60.8,77.0,40.0,4.7,BR,1595714919.0
324,mackenzie,55.3,-123.17,72.07,33.0,34.0,10.42,CA,1595714919.0
325,san policarpo,12.18,125.51,80.35,82.0,6.0,1.88,PH,1595714919.0
326,ler,8.3,30.14,71.31,97.0,100.0,6.31,SS,1595714919.0
327,mount isa,-20.73,139.5,55.4,50.0,0.0,14.99,AU,1595714735.0
328,akhmeta,42.03,45.21,77.0,69.0,75.0,2.24,GE,1595714920.0
329,mondlo,-27.98,30.72,45.81,57.0,0.0,5.3,ZA,1595714920.0
330,fairbanks,64.84,-147.72,61.0,72.0,90.0,2.53,US,1595714709.0
331,saint anthony,45.02,-93.22,86.0,66.0,90.0,11.41,US,1595714810.0
332,bengkulu,-3.8,102.27,74.12,90.0,17.0,4.7,ID,1595714921.0
333,igrim,63.19,64.42,54.0,87.0,28.0,4.27,RU,1595714921.0
334,aripuana,-9.17,-60.63,85.53,43.0,15.0,2.73,BR,1595714921.0
335,superior,46.72,-92.1,84.99,88.0,90.0,4.7,US,1595714921.0
336,hualmay,-11.1,-77.61,64.38,73.0,14.0,9.44,PE,1595714922.0
337,belaya gora,68.53,146.42,85.53,27.0,25.0,13.69,RU,1595714922.0
338,hobyo,5.35,48.53,76.71,81.0,36.0,22.44,SO,1595714922.0
339,sri aman,1.24,111.46,75.2,100.0,100.0,1.77,MY,1595714922.0
340,pimentel,-6.84,-79.93,68.0,68.0,100.0,17.22,PE,1595714922.0
341,alofi,-19.06,-169.92,77.0,69.0,75.0,13.87,NU,1595714923.0
342,bathsheba,13.22,-59.52,86.0,74.0,40.0,13.87,BB,1595714923.0
343,ponta delgada,37.73,-25.67,69.8,77.0,20.0,8.05,PT,1595714667.0
344,santa cruz del sur,20.71,-78.0,88.39,59.0,100.0,4.25,CU,1595714923.0
345,sayansk,54.11,102.16,58.3,62.0,100.0,4.45,RU,1595714923.0
346,barsovo,61.17,73.17,55.4,93.0,94.0,4.47,RU,1595714923.0
347,kirkland lake,48.14,-80.04,84.2,62.0,90.0,13.87,CA,1595714924.0
348,yerbogachen,61.28,108.01,51.96,89.0,73.0,5.75,RU,1595714924.0
349,shimoda,34.67,138.95,73.99,94.0,100.0,0.87,JP,1595714924.0
350,lashio,22.93,97.75,69.62,100.0,100.0,1.3,MM,1595714924.0
351,yar-sale,66.83,70.83,51.94,89.0,75.0,9.53,RU,1595714924.0
352,paraiso,9.84,-83.87,71.6,88.0,75.0,12.75,CR,1595714924.0
353,kirovskiy,45.09,133.51,64.04,92.0,91.0,5.1,RU,1595714925.0
354,big spring,32.25,-101.48,95.0,36.0,75.0,11.41,US,1595714925.0
355,arlit,18.74,7.39,96.96,23.0,52.0,7.2,NE,1595714925.0
356,balad,34.02,44.15,93.9,12.0,0.0,9.95,IQ,1595714925.0
357,westport,41.14,-73.36,87.8,48.0,1.0,10.29,US,1595714926.0
358,korcula,42.96,17.14,71.6,64.0,0.0,1.12,HR,1595714926.0
359,rokytne,51.28,27.21,63.03,89.0,93.0,0.94,UA,1595714926.0
360,kembe,4.62,21.89,70.07,93.0,74.0,0.6,CF,1595714926.0
361,parainen,60.31,22.3,60.01,100.0,5.0,2.24,FI,1595714685.0
362,tabory,58.52,64.55,53.35,68.0,26.0,2.71,RU,1595714927.0
363,texarkana,33.43,-94.05,89.6,55.0,40.0,5.82,US,1595714927.0
364,kuah,6.33,99.84,77.0,100.0,40.0,3.36,MY,1595714927.0
365,bud,39.45,-86.18,86.0,61.0,40.0,4.7,US,1595714927.0
366,taoudenni,22.68,-3.98,101.89,22.0,48.0,11.05,ML,1595714928.0
367,seoul,37.57,126.98,73.4,78.0,90.0,2.91,KR,1595714696.0
368,matara,5.95,80.54,78.49,84.0,100.0,13.31,LK,1595714928.0
369,mwingi,-0.93,38.06,62.11,72.0,1.0,6.49,KE,1595714928.0
370,canto do buriti,-8.11,-42.94,77.23,46.0,80.0,7.23,BR,1595714928.0
371,codrington,-38.27,141.97,38.7,89.0,0.0,2.62,AU,1595714929.0
372,san luis,-33.3,-66.34,48.79,40.0,25.0,9.37,AR,1595714666.0
373,salinopolis,-0.61,-47.36,79.07,84.0,70.0,8.72,BR,1595714929.0
374,lavrentiya,65.58,-171.0,50.9,69.0,83.0,6.4,RU,1595714929.0
375,encarnacion,-27.33,-55.9,57.2,54.0,21.0,2.66,PY,1595714730.0
376,luanda,-8.84,13.23,71.6,88.0,40.0,6.93,AO,1595714762.0
377,vanimo,-2.67,141.3,78.84,84.0,100.0,4.0,PG,1595714930.0
378,penzance,50.12,-5.54,61.0,93.0,18.0,10.29,GB,1595714930.0
379,betioky,-23.72,44.38,57.43,64.0,0.0,9.57,MG,1595714930.0
380,isangel,-19.55,169.27,73.4,83.0,20.0,4.7,VU,1595714930.0
381,barahona,18.21,-71.1,89.6,62.0,40.0,8.05,DO,1595714894.0
382,zakamensk,50.37,103.29,52.07,84.0,0.0,1.5,RU,1595714931.0
383,madimba,-10.4,40.33,73.4,78.0,75.0,11.41,TZ,1595714931.0
384,dukat,62.55,155.55,71.47,34.0,1.0,6.35,RU,1595714931.0
385,luderitz,-26.65,15.16,53.6,93.0,0.0,8.05,NA,1595714931.0
386,hamilton,39.18,-84.53,93.0,52.0,20.0,4.7,US,1595714692.0
387,koygorodok,60.45,51.0,57.54,94.0,99.0,3.49,RU,1595714932.0
388,areosa,41.72,-8.86,69.01,93.0,20.0,6.93,PT,1595714932.0
389,bilibino,68.05,166.44,77.41,43.0,11.0,6.06,RU,1595714932.0
390,mayo,38.89,-76.51,89.01,66.0,1.0,4.7,US,1595714932.0
391,apostolove,47.66,33.71,69.8,43.0,100.0,4.47,UA,1595714932.0
392,ouallam,14.32,2.09,83.52,62.0,17.0,21.23,NE,1595714933.0
393,dhidhdhoo,6.88,73.1,81.73,76.0,95.0,10.13,MV,1595714933.0
394,utica,43.1,-75.23,84.2,45.0,1.0,5.82,US,1595714933.0
395,lamu,-2.27,40.9,76.75,80.0,18.0,18.81,KE,1595714933.0
396,honningsvag,70.98,25.97,59.38,66.0,0.0,12.01,NO,1595714933.0
397,oyama,36.3,139.8,78.01,94.0,75.0,3.36,JP,1595714933.0
398,christchurch,-43.53,172.63,33.8,67.0,0.0,1.12,NZ,1595714826.0
399,geraldton,-28.77,114.6,51.8,93.0,0.0,11.41,AU,1595714934.0
400,aitape,-3.14,142.35,79.36,83.0,100.0,4.45,PG,1595714934.0
401,yumen,40.28,97.2,68.47,24.0,0.0,6.51,CN,1595714934.0
402,san antonio,29.42,-98.49,91.99,49.0,75.0,23.04,US,1595714862.0
403,ginir,7.13,40.7,59.23,90.0,94.0,13.89,ET,1595714934.0
404,praia,14.92,-23.51,80.6,83.0,75.0,4.7,CV,1595714934.0
405,berezovyy,51.67,135.7,65.23,76.0,93.0,1.63,RU,1595714935.0
406,birao,10.28,22.79,72.61,92.0,100.0,5.61,CF,1595714935.0
407,morant bay,17.88,-76.41,89.6,59.0,20.0,25.28,JM,1595714935.0
408,springbok,-29.66,17.89,50.81,48.0,0.0,1.43,ZA,1595714935.0
409,nabire,-3.37,135.48,75.13,90.0,100.0,4.45,ID,1595714935.0
410,seabra,-12.42,-41.77,63.75,64.0,0.0,7.74,BR,1595714936.0
411,tshela,-4.98,12.93,66.69,85.0,0.0,1.92,CD,1595714823.0
412,sanandaj,35.31,46.99,74.59,25.0,26.0,2.86,IR,1595714936.0
413,moussoro,13.64,16.49,87.17,49.0,86.0,4.16,TD,1595714936.0
414,pemba,-12.97,40.52,69.8,88.0,75.0,9.17,MZ,1595714936.0
415,wajid,3.81,43.25,74.32,62.0,0.0,23.8,SO,1595714936.0
416,campbellsville,37.34,-85.34,89.6,74.0,90.0,3.24,US,1595714937.0
417,ahuimanu,21.44,-157.84,87.8,69.0,75.0,11.41,US,1595714937.0
418,katobu,-4.94,122.53,70.97,91.0,7.0,1.88,ID,1595714937.0
419,rawson,-43.3,-65.1,53.46,52.0,0.0,27.92,AR,1595714937.0
420,husavik,66.04,-17.34,48.2,81.0,90.0,11.41,IS,1595714938.0
421,golakganj,26.1,89.83,80.58,81.0,96.0,1.52,IN,1595714938.0
422,waddan,29.16,16.14,80.15,38.0,0.0,11.52,LY,1595714938.0
423,nantucket,41.28,-70.1,77.0,78.0,1.0,12.75,US,1595714938.0
424,kavaratti,10.57,72.64,81.41,78.0,100.0,14.58,IN,1595714938.0
425,san quintin,30.48,-115.95,72.09,63.0,0.0,12.1,MX,1595714939.0
426,mikropolis,41.19,23.82,77.0,81.0,0.0,4.0,GR,1595714939.0
427,shirokiy,49.76,129.52,67.1,97.0,77.0,13.42,RU,1595714939.0
428,khandbari,27.37,87.2,73.31,78.0,100.0,0.29,NP,1595714939.0
429,wahiawa,21.5,-158.02,87.8,61.0,75.0,13.87,US,1595714831.0
430,fontem,5.47,9.88,66.83,97.0,100.0,1.07,CM,1595714940.0
431,anqiu,36.43,119.19,72.84,81.0,99.0,3.91,CN,1595714940.0
432,ignacio zaragoza,28.38,-107.22,78.01,52.0,25.0,1.99,MX,1595714940.0
433,broome,42.25,-75.83,84.2,48.0,1.0,5.82,US,1595714940.0
434,sao joao da barra,-21.64,-41.05,73.4,78.0,0.0,11.41,BR,1595714940.0
435,la ferte-bernard,48.19,0.65,66.2,82.0,90.0,9.17,FR,1595714941.0
436,paracuru,-3.41,-39.03,80.01,71.0,98.0,11.99,BR,1595714941.0
437,santa marta,11.24,-74.2,84.0,80.0,95.0,11.88,CO,1595714660.0
438,ambulu,-8.35,113.61,69.35,86.0,83.0,3.8,ID,1595714941.0
439,xining,36.62,101.77,52.84,72.0,0.0,3.36,CN,1595714941.0
440,santa barbara,34.42,-119.7,81.0,64.0,40.0,11.41,US,1595714941.0
441,egvekinot,66.32,-179.17,58.46,66.0,1.0,4.07,RU,1595714942.0
442,urumqi,43.8,87.6,73.4,53.0,12.0,4.54,CN,1595714942.0
443,sovetskiy,61.36,63.58,52.95,74.0,20.0,3.51,RU,1595714942.0
444,la rioja,42.25,-2.5,73.4,60.0,1.0,11.41,ES,1595714942.0
445,sironj,24.1,77.7,78.39,81.0,21.0,6.08,IN,1595714942.0
446,bilma,18.69,12.92,85.53,43.0,51.0,18.03,NE,1595714943.0
447,charyshskoye,51.4,83.56,57.67,80.0,59.0,6.64,RU,1595714943.0
448,maragogi,-9.01,-35.22,73.78,79.0,29.0,12.97,BR,1595714943.0
449,frumoasa,46.45,25.85,62.01,91.0,86.0,2.66,RO,1595714943.0
450,ust-ilimsk,58.0,102.66,52.77,79.0,25.0,1.74,RU,1595714943.0
451,myitkyina,25.38,97.4,75.36,94.0,98.0,1.63,MM,1595714943.0
452,aki,33.5,133.9,75.2,94.0,75.0,2.24,JP,1595714944.0
453,pinawa,50.15,-95.88,89.62,41.0,0.0,8.9,CA,1595714944.0
454,naron,43.52,-8.15,68.0,88.0,60.0,6.35,ES,1595714944.0
455,esperance,-33.87,121.9,57.2,87.0,90.0,16.11,AU,1595714944.0
456,menongue,-14.66,17.69,50.43,48.0,22.0,3.71,AO,1595714944.0
457,svetlyy,54.67,20.13,53.6,93.0,95.0,4.47,RU,1595714945.0
458,sembakung,3.82,117.25,72.66,99.0,35.0,2.13,ID,1595714945.0
459,port macquarie,-31.43,152.92,62.6,100.0,75.0,11.41,AU,1595714814.0
460,orlovskiy,46.87,42.06,73.09,30.0,28.0,13.62,RU,1595714945.0
461,vila franca do campo,37.72,-25.43,69.8,77.0,20.0,8.05,PT,1595714946.0
462,ulagan,50.63,87.96,50.27,70.0,15.0,3.4,RU,1595714946.0
463,osmena,10.52,119.93,82.22,71.0,81.0,1.52,PH,1595714946.0
464,kruisfontein,-34.0,24.73,56.34,78.0,0.0,8.79,ZA,1595714946.0
465,beroroha,-21.67,45.17,60.46,60.0,0.0,7.56,MG,1595714946.0
466,camargo,27.67,-105.17,86.52,39.0,33.0,6.89,MX,1595714946.0
467,barranco,9.52,-82.7,84.2,74.0,75.0,5.82,PA,1595714947.0
468,kapuskasing,49.42,-82.43,82.4,74.0,90.0,10.29,CA,1595714947.0
469,opuwo,-18.06,13.84,52.75,44.0,0.0,3.53,NA,1595714947.0
470,mercedes,-34.65,-59.43,51.01,73.0,4.0,7.14,AR,1595714947.0
471,valparaiso,-33.04,-71.63,64.4,38.0,20.0,10.29,CL,1595714807.0
472,juruti,-2.15,-56.09,84.13,59.0,39.0,1.81,BR,1595714948.0
473,harper,4.38,-7.72,75.0,83.0,0.0,9.84,LR,1595714946.0
474,varhaug,58.61,5.65,57.0,99.0,100.0,3.0,NO,1595714948.0
475,srandakan,-7.94,110.25,72.18,83.0,100.0,7.78,ID,1595714948.0
476,najran,17.49,44.13,87.8,27.0,100.0,4.7,SA,1595714948.0
477,meulaboh,4.14,96.13,76.3,87.0,100.0,2.82,ID,1595714949.0
478,spencer,43.14,-95.14,91.4,55.0,75.0,18.34,US,1595714949.0
479,colares,38.8,-9.45,68.0,94.0,0.0,23.0,PT,1595714949.0
480,portland,45.52,-122.68,80.01,44.0,20.0,12.75,US,1595714858.0
481,ouesso,1.61,16.05,72.32,89.0,75.0,3.2,CG,1595714949.0
482,puerto narino,-3.77,-70.38,89.6,59.0,40.0,4.7,CO,1595714950.0
483,kenora,49.82,-94.43,82.4,69.0,20.0,10.29,CA,1595714950.0
484,ifakara,-8.13,36.68,70.79,57.0,67.0,1.68,TZ,1595714950.0
485,henties bay,-22.12,14.28,62.92,53.0,0.0,6.02,NA,1595714950.0
486,hastings,50.86,0.57,62.01,99.0,70.0,5.01,GB,1595714950.0
487,west wendover,40.74,-114.07,93.2,10.0,1.0,11.41,US,1595714951.0
488,nortelandia,-14.45,-56.8,76.86,35.0,0.0,6.17,BR,1595714951.0
489,upington,-28.45,21.26,53.6,40.0,0.0,8.05,ZA,1595714951.0
490,tottori,35.5,134.23,78.8,74.0,75.0,5.82,JP,1595714951.0
491,luwuk,-0.95,122.79,76.33,86.0,100.0,6.29,ID,1595714825.0
492,venkatagiri,13.97,79.58,79.61,78.0,83.0,4.09,IN,1595714952.0
493,autazes,-3.58,-59.13,82.76,63.0,77.0,2.06,BR,1595714952.0
494,sisimiut,66.94,-53.67,45.82,93.0,100.0,11.41,GL,1595714952.0
495,linxia,35.6,103.21,55.69,72.0,0.0,3.09,CN,1595714952.0
496,muswellbrook,-32.27,150.9,57.0,89.0,100.0,4.43,AU,1595714952.0
497,yanam,16.73,82.22,79.45,88.0,10.0,1.66,IN,1595714952.0
498,saint-joseph,-21.37,55.62,68.0,60.0,90.0,16.11,RE,1595714953.0
499,namie,37.48,141.0,73.99,98.0,100.0,3.15,JP,1595714953.0
500,beidao,34.57,105.89,58.95,75.0,0.0,0.6,CN,1595714953.0
501,la union,-5.4,-80.75,75.92,51.0,16.0,18.3,PE,1595714953.0
502,blagoyevo,63.37,47.92,61.84,76.0,69.0,0.22,RU,1595714953.0
503,ibra,22.69,58.53,81.93,62.0,57.0,5.26,OM,1595714953.0
504,kizner,56.27,51.51,53.37,93.0,0.0,5.64,RU,1595714954.0
505,atar,20.52,-13.05,97.61,22.0,64.0,10.58,MR,1595714954.0
506,wajima,37.4,136.9,76.62,83.0,100.0,4.03,JP,1595714954.0
507,goderich,43.75,-81.72,82.99,53.0,97.0,7.0,CA,1595714954.0
508,aranos,-24.13,19.12,52.16,44.0,0.0,10.49,NA,1595714954.0
509,faanui,-16.48,-151.75,77.88,79.0,7.0,17.52,PF,1595714954.0
510,pyay,18.82,95.22,78.93,87.0,81.0,2.82,MM,1595714955.0
511,port blair,11.67,92.75,81.99,78.0,42.0,3.74,IN,1595714955.0
512,cayenne,4.93,-52.33,78.8,78.0,32.0,5.82,GF,1595714933.0
513,sola,-13.88,167.55,80.6,83.0,90.0,6.93,VU,1595714955.0
514,monopoli,40.96,17.29,73.99,94.0,20.0,4.7,IT,1595714955.0
515,olot,42.18,2.49,69.01,97.0,0.0,3.0,ES,1595714955.0
516,batagay-alyta,67.8,130.41,62.73,77.0,100.0,4.14,RU,1595714956.0
517,lucea,18.45,-78.17,87.8,70.0,40.0,14.99,JM,1595714956.0
518,aginskoye,51.1,114.53,67.93,68.0,100.0,3.98,RU,1595714956.0
519,karaton,-6.34,106.1,77.0,69.0,20.0,6.93,ID,1595714956.0
520,talakan,50.32,130.37,66.16,94.0,97.0,9.22,RU,1595714956.0
521,masuguru,-11.37,38.42,70.18,71.0,32.0,4.47,TZ,1595714956.0
522,labuhan,-6.88,112.21,72.64,83.0,100.0,7.49,ID,1595714957.0
523,antalaha,-14.9,50.28,67.64,84.0,85.0,11.48,MG,1595714957.0
524,bealanana,-14.55,48.73,55.2,81.0,96.0,10.29,MG,1595714957.0
525,mattru,7.62,-11.83,72.66,94.0,99.0,3.15,SL,1595714957.0
526,ciudad bolivar,8.12,-63.55,87.37,60.0,64.0,2.3,VE,1595714957.0
527,palu,-0.89,119.87,75.09,84.0,99.0,1.19,ID,1595714957.0
528,saint-pierre,-21.34,55.48,68.0,60.0,90.0,16.11,RE,1595714958.0
529,port-cartier,50.03,-66.87,68.0,88.0,90.0,2.24,CA,1595714958.0
530,ixtapa,20.7,-105.2,88.0,79.0,40.0,13.87,MX,1595714958.0
531,boysun,38.21,67.2,72.91,37.0,0.0,1.45,UZ,1595714958.0
532,brooks,50.58,-111.89,69.01,42.0,0.0,11.01,CA,1595714958.0
533,praia da vitoria,38.73,-27.07,71.6,73.0,40.0,4.92,PT,1595714959.0
534,araceli,10.55,119.99,82.87,70.0,83.0,1.63,PH,1595714959.0
535,flinders,-34.58,150.86,55.99,94.0,100.0,1.01,AU,1595714959.0
536,waw,7.7,28.0,68.86,91.0,100.0,3.0,SS,1595714959.0
537,garowe,8.41,48.48,77.34,56.0,14.0,26.26,SO,1595714959.0
538,te anau,-45.42,167.72,44.37,83.0,94.0,4.56,NZ,1595714959.0
539,xuddur,4.12,43.89,72.61,69.0,33.0,20.74,SO,1595714960.0
540,shenjiamen,29.96,122.3,75.13,90.0,100.0,4.79,CN,1595714960.0
541,livingston,55.9,-3.52,57.0,87.0,98.0,4.7,GB,1595714960.0
542,priladozhskiy,59.85,31.48,57.99,99.0,6.0,5.59,RU,1595714960.0
543,mayor pablo lagerenza,-19.93,-60.77,57.6,42.0,94.0,3.49,PY,1595714960.0
544,puerto carreno,6.19,-67.49,86.0,62.0,40.0,3.13,CO,1595714960.0
545,el dorado,33.21,-92.67,82.4,88.0,75.0,11.34,US,1595714961.0
546,san vicente,-26.62,-54.13,45.14,74.0,100.0,3.22,AR,1595714961.0
547,leon,21.12,-101.67,80.6,44.0,75.0,5.82,MX,1595714870.0
548,katima mulilo,-17.5,24.27,51.8,66.0,29.0,1.12,NA,1595714961.0
549,kieta,-6.22,155.63,82.04,75.0,90.0,4.94,PG,1595714961.0
550,tautira,-17.73,-149.15,80.6,65.0,75.0,8.05,PF,1595714961.0
551,north platte,41.12,-100.77,95.0,49.0,1.0,5.82,US,1595714962.0
552,tres arroyos,-38.37,-60.28,46.83,61.0,63.0,13.38,AR,1595714732.0
553,kemijarvi,66.71,27.43,54.91,80.0,80.0,7.7,FI,1595714963.0
554,ilmajoki,62.73,22.57,48.99,93.0,20.0,1.12,FI,1595714963.0
555,rocha,-34.48,-54.33,42.26,74.0,0.0,7.74,UY,1595714846.0
556,itaberaba,-12.53,-40.31,70.97,72.0,52.0,8.01,BR,1595714964.0
557,neiafu,-18.65,-173.98,77.0,73.0,75.0,9.17,TO,1595714964.0
558,lidkoping,58.51,13.16,55.4,100.0,69.0,5.82,SE,1595714964.0
559,iquitos,-3.75,-73.25,87.8,62.0,40.0,6.93,PE,1595714964.0
560,saint-francois,46.42,3.91,71.6,56.0,100.0,2.24,FR,1595714964.0
